case:concept:name,concept:name,time:timestamp,People
7076,CreateBranch,2021-01-04 13:28:55+00:00,AlbumenJ
7076,SubmitCommit,2021-01-04 14:15:16+00:00,AlbumenJ
7076,OpenPR,2021-01-04 14:16:33+00:00,AlbumenJ
7076,Revise,2021-01-04 14:30:07+00:00,AlbumenJ
7076,Revise,2021-01-07 08:12:25+00:00,AlbumenJ
7076,Revise,2021-01-07 09:32:51+00:00,chickenlj
7076,MergePR,2021-01-07 09:35:54+00:00,chickenlj
7076,DeleteBranch,2021-01-08 07:40:57+00:00,AlbumenJ
7077,CreateBranch,2021-01-04 08:03:37+00:00,zhangyz-hd
7077,SubmitCommit,2021-01-04 08:08:58+00:00,zhangyz-hd
7077,SubmitCommit,2021-01-04 08:13:42+00:00,zhangyz-hd
7077,SubmitCommit,2021-01-04 08:25:50+00:00,zhangyz-hd
7077,OpenPR,2021-01-05 01:27:21+00:00,zhangyz-hd
7077,Revise,2021-01-28 14:23:21+00:00,zhangyz-hd
7077,PRReviewComment,2021-01-29 14:58:06+00:00,AlbumenJ
7077,PRReviewComment,2021-01-29 14:58:07+00:00,AlbumenJ
7077,PRReviewComment,2021-01-31 01:42:49+00:00,zhangyz-hd
7077,PRReviewComment,2021-02-01 15:13:07+00:00,AlbumenJ
7077,PRReviewComment,2021-02-01 15:13:08+00:00,AlbumenJ
7077,PRReviewApprove,2021-02-01 15:13:23+00:00,AlbumenJ
7077,PRReviewApprove,2021-02-02 06:49:49+00:00,chickenlj
7077,MergePR,2021-02-02 06:49:59+00:00,chickenlj
7077,DeleteBranch,2021-02-19 05:42:36+00:00,zhangyz-hd
7078,CreateBranch,2021-01-05 03:18:10+00:00,AlbumenJ
7078,SubmitCommit,2021-01-05 03:19:46+00:00,AlbumenJ
7078,SubmitCommit,2021-01-05 03:22:29+00:00,AlbumenJ
7078,OpenPR,2021-01-05 03:33:42+00:00,AlbumenJ
7078,Revise,2021-01-05 04:23:00+00:00,AlbumenJ
7078,Revise,2021-01-05 04:28:29+00:00,AlbumenJ
7078,Revise,2021-01-05 04:36:34+00:00,AlbumenJ
7078,Revise,2021-01-05 04:46:44+00:00,AlbumenJ
7078,Revise,2021-01-16 07:03:31+00:00,AlbumenJ
7078,Revise,2021-01-16 08:55:54+00:00,AlbumenJ
7078,Revise,2021-01-18 11:22:31+00:00,AlbumenJ
7078,PRReviewApprove,2021-01-18 11:51:44+00:00,kylixs
7078,MergePR,2021-01-21 13:46:35+00:00,AlbumenJ
7078,DeleteBranch,2021-01-21 13:47:12+00:00,AlbumenJ
7080,ForkRepository,2021-01-05 10:52:17+00:00,alan-tang-tt
7080,SubmitCommit,2021-01-05 10:57:36+00:00,alan-tang-tt
7080,OpenPR,2021-01-05 11:02:31+00:00,alan-tang-tt
7080,PRReviewApprove,2021-01-07 05:17:39+00:00,ralf0131
7080,MergePR,2021-01-07 05:17:47+00:00,ralf0131
7082,CreateBranch,2021-01-06 07:52:14+00:00,horizonzy
7082,OpenPR,2021-01-06 07:53:27+00:00,horizonzy
7082,Revise,2021-01-26 08:09:49+00:00,horizonzy
7082,Revise,2021-01-26 08:14:07+00:00,horizonzy
7082,Revise,2021-03-06 09:16:41+00:00,horizonzy
7082,PRReviewComment,2021-03-23 05:16:28+00:00,AlbumenJ
7082,PRReviewReject,2021-03-23 05:16:31+00:00,AlbumenJ
7082,Revise,2021-03-23 05:25:36+00:00,horizonzy
7082,PRReviewComment,2021-03-23 06:10:54+00:00,horizonzy
7082,PRReviewApprove,2021-03-24 07:08:17+00:00,AlbumenJ
7082,MergePR,2021-03-24 07:08:35+00:00,AlbumenJ
7083,SubmitCommit,2021-01-06 08:43:35+00:00,thisiswanghy
7083,OpenPR,2021-01-06 08:49:58+00:00,thisiswanghy
7083,PRReviewApprove,2021-02-22 08:14:23+00:00,chickenlj
7083,MergePR,2021-02-22 08:14:44+00:00,chickenlj
7086,OpenPR,2021-01-07 08:35:41+00:00,chickenlj
7086,MergePR,2021-01-07 08:39:08+00:00,chickenlj
7087,SubmitCommit,2021-01-04 09:42:40+00:00,guohao
7087,SubmitCommit,2021-01-04 11:38:20+00:00,guohao
7087,SubmitCommit,2021-01-05 07:46:05+00:00,guohao
7087,SubmitCommit,2021-01-07 07:09:45+00:00,guohao
7087,SubmitCommit,2021-01-07 09:03:05+00:00,guohao
7087,OpenPR,2021-01-07 09:12:42+00:00,panxiaojun233
7087,Revise,2021-01-07 13:44:22+00:00,guohao
7087,Revise,2021-01-12 02:51:32+00:00,panxiaojun233
7087,Revise,2021-01-13 12:33:29+00:00,guohao
7087,Revise,2021-01-13 13:01:40+00:00,guohao
7087,Revise,2021-01-14 08:18:42+00:00,guohao
7087,Revise,2021-01-14 16:01:14+00:00,guohao
7087,Revise,2021-01-15 05:48:18+00:00,guohao
7087,Revise,2021-01-15 07:41:01+00:00,guohao
7087,Revise,2021-01-15 08:32:40+00:00,guohao
7087,Revise,2021-01-15 09:54:43+00:00,panxiaojun233
7087,Revise,2021-01-16 06:11:03+00:00,panxiaojun233
7087,Revise,2021-01-16 08:33:21+00:00,guohao
7087,Revise,2021-01-16 08:41:17+00:00,guohao
7087,Revise,2021-01-16 09:01:54+00:00,guohao
7087,Revise,2021-01-16 10:54:04+00:00,guohao
7087,Revise,2021-01-16 10:56:26+00:00,guohao
7087,Revise,2021-01-16 11:17:46+00:00,guohao
7087,Revise,2021-01-17 09:01:46+00:00,guohao
7087,Revise,2021-01-17 12:12:59+00:00,panxiaojun233
7087,Revise,2021-01-18 11:57:29+00:00,panxiaojun233
7087,Revise,2021-01-18 12:17:46+00:00,panxiaojun233
7087,Revise,2021-01-18 12:43:39+00:00,panxiaojun233
7087,Revise,2021-01-19 03:43:50+00:00,guohao
7087,Revise,2021-01-19 10:18:06+00:00,guohao
7087,Revise,2021-01-19 10:22:40+00:00,guohao
7087,Revise,2021-01-19 14:20:25+00:00,guohao
7087,Revise,2021-01-20 08:50:37+00:00,guohao
7087,Revise,2021-01-20 08:57:17+00:00,guohao
7087,Revise,2021-01-20 14:28:18+00:00,guohao
7087,Revise,2021-01-21 02:17:46+00:00,panxiaojun233
7087,Revise,2021-01-21 05:52:31+00:00,guohao
7087,Revise,2021-01-21 06:14:06+00:00,guohao
7087,Revise,2021-01-21 06:40:54+00:00,guohao
7087,Revise,2021-01-21 06:45:22+00:00,guohao
7087,Revise,2021-01-21 08:25:37+00:00,guohao
7087,Revise,2021-01-21 09:15:34+00:00,guohao
7087,Revise,2021-01-21 10:13:28+00:00,guohao
7087,Revise,2021-01-21 12:17:55+00:00,guohao
7087,Revise,2021-01-21 14:38:07+00:00,panxiaojun233
7087,Revise,2021-01-24 09:27:08+00:00,guohao
7087,Revise,2021-01-25 05:31:09+00:00,guohao
7087,Revise,2021-01-25 05:52:06+00:00,guohao
7087,Revise,2021-01-25 10:46:29+00:00,guohao
7087,Revise,2021-01-25 13:06:43+00:00,guohao
7087,Revise,2021-01-25 14:54:52+00:00,guohao
7087,Revise,2021-01-25 15:35:54+00:00,guohao
7087,Revise,2021-01-26 03:36:28+00:00,guohao
7087,Revise,2021-01-26 05:49:12+00:00,guohao
7087,Revise,2021-01-26 05:57:10+00:00,guohao
7087,Revise,2021-01-26 06:29:59+00:00,guohao
7087,Revise,2021-01-26 06:44:20+00:00,guohao
7087,Revise,2021-01-26 06:58:28+00:00,guohao
7087,Revise,2021-01-26 07:10:50+00:00,guohao
7087,Revise,2021-01-26 07:26:14+00:00,guohao
7087,PRReviewApprove,2021-01-26 09:24:53+00:00,chickenlj
7087,MergePR,2021-01-26 09:25:12+00:00,chickenlj
7090,CreateBranch,2021-01-08 14:21:51+00:00,horizonzy
7090,OpenPR,2021-01-08 14:22:39+00:00,horizonzy
7090,Revise,2021-03-01 06:35:00+00:00,horizonzy
7090,Revise,2021-03-01 07:00:42+00:00,horizonzy
7090,PRReviewApprove,2021-03-02 02:40:45+00:00,KeRan213539
7090,PRReviewApprove,2021-03-02 05:12:57+00:00,AlbumenJ
7090,MergePR,2021-03-02 05:13:39+00:00,AlbumenJ
7092,CreateBranch,2021-01-09 06:20:04+00:00,AlbumenJ
7092,SubmitCommit,2021-01-09 06:35:12+00:00,AlbumenJ
7092,OpenPR,2021-01-09 06:36:42+00:00,AlbumenJ
7092,Revise,2021-01-13 11:27:47+00:00,AlbumenJ
7092,MergePR,2021-01-15 15:42:55+00:00,chickenlj
7094,ForkRepository,2021-01-11 01:36:32+00:00,xuekg
7094,CreateBranch,2021-01-11 03:40:00+00:00,xuekg
7094,OpenPR,2021-01-11 03:46:08+00:00,xuekg
7094,PRReviewApprove,2021-01-11 06:15:32+00:00,ralf0131
7094,PRReviewApprove,2021-01-12 07:44:54+00:00,htynkn
7094,MergePR,2021-01-15 08:43:38+00:00,ralf0131
7095,ForkRepository,2021-01-12 03:27:12+00:00,ggox
7095,CreateBranch,2021-01-12 03:47:37+00:00,ggox
7095,OpenPR,2021-01-12 03:54:34+00:00,ggox
7095,MergePR,2021-02-24 02:49:40+00:00,chickenlj
7102,OpenPR,2021-01-15 08:04:45+00:00,chickenlj
7102,MergePR,2021-01-15 08:04:59+00:00,chickenlj
7106,CreateBranch,2021-01-16 17:16:19+00:00,kevinw66
7106,OpenPR,2021-01-16 17:25:02+00:00,kevinw66
7106,PRReviewApprove,2021-01-17 12:05:37+00:00,AlbumenJ
7106,MergePR,2021-01-20 07:25:07+00:00,chickenlj
7106,DeleteBranch,2021-07-12 02:38:27+00:00,kevinw66
7108,CreateBranch,2021-01-17 23:51:38+00:00,lzx404243
7108,OpenPR,2021-01-18 00:01:03+00:00,lzx404243
7108,PRReviewApprove,2021-01-20 13:15:40+00:00,AlbumenJ
7108,MergePR,2021-02-23 06:10:54+00:00,AlbumenJ
7109,CreateBranch,2021-01-15 09:23:36+00:00,zhangyz-hd
7109,SubmitCommit,2021-01-15 12:44:03+00:00,zhangyz-hd
7109,SubmitCommit,2021-01-18 01:46:39+00:00,zhangyz-hd
7109,OpenPR,2021-01-18 02:40:29+00:00,zhangyz-hd
7109,Revise,2021-01-28 22:32:50+00:00,zhangyz-hd
7109,Revise,2021-01-28 23:43:13+00:00,zhangyz-hd
7109,PRReviewComment,2021-01-29 15:04:37+00:00,AlbumenJ
7109,PRReviewComment,2021-01-29 15:04:38+00:00,AlbumenJ
7109,PRReviewComment,2021-02-01 08:04:51+00:00,zhangyz-hd
7109,Revise,2021-02-09 09:08:25+00:00,zhangyz-hd
7109,PRReviewApprove,2021-02-09 10:00:02+00:00,kevinw66
7109,MergePR,2021-02-22 15:56:12+00:00,chickenlj
7109,DeleteBranch,2021-07-05 02:22:40+00:00,zhangyz-hd
7114,OpenPR,2021-01-20 06:41:55+00:00,chickenlj
7114,PRReviewApprove,2021-01-29 02:15:36+00:00,kevinw66
7114,PRReviewApprove,2021-01-29 06:28:31+00:00,AlbumenJ
7114,MergePR,2021-02-23 15:34:55+00:00,chickenlj
7119,CreateBranch,2021-01-20 13:07:21+00:00,kevinw66
7119,OpenPR,2021-01-20 13:09:34+00:00,kevinw66
7119,PRReviewApprove,2021-01-21 11:50:47+00:00,AlbumenJ
7119,MergePR,2021-01-23 07:42:23+00:00,chickenlj
7119,PRReviewApprove,2021-01-23 07:42:40+00:00,chickenlj
7119,DeleteBranch,2021-07-12 02:37:06+00:00,kevinw66
7126,CreateBranch,2021-01-22 10:00:15+00:00,horizonzy
7126,OpenPR,2021-01-22 10:01:08+00:00,horizonzy
7126,Revise,2021-01-22 12:29:06+00:00,horizonzy
7126,PRReviewApprove,2021-01-25 13:59:40+00:00,AlbumenJ
7126,Revise,2021-03-25 14:51:21+00:00,horizonzy
7126,Revise,2021-03-25 15:18:49+00:00,horizonzy
7126,Revise,2021-03-26 03:58:30+00:00,horizonzy
7126,PRReviewApprove,2021-03-26 09:33:30+00:00,chickenlj
7126,MergePR,2021-03-26 09:33:46+00:00,chickenlj
7131,CreateBranch,2021-01-25 08:54:33+00:00,kylixs
7131,OpenPR,2021-01-25 09:06:17+00:00,kylixs
7131,Revise,2021-01-25 10:23:15+00:00,kylixs
7131,MergePR,2021-02-22 05:31:17+00:00,chickenlj
7133,CreateBranch,2021-01-26 03:35:26+00:00,kylixs
7133,OpenPR,2021-01-26 03:37:50+00:00,kylixs
7133,PRReviewComment,2021-01-26 05:24:18+00:00,AlbumenJ
7133,PRReviewComment,2021-01-26 05:24:19+00:00,AlbumenJ
7133,MergePR,2021-02-05 16:04:25+00:00,chickenlj
7134,CreateBranch,2021-01-26 08:47:49+00:00,AlbumenJ
7134,OpenPR,2021-01-26 08:48:28+00:00,AlbumenJ
7134,MergePR,2021-01-27 11:01:53+00:00,AlbumenJ
7135,CreateBranch,2021-01-26 08:53:49+00:00,AlbumenJ
7135,OpenPR,2021-01-26 08:54:01+00:00,AlbumenJ
7135,Revise,2021-01-26 08:57:33+00:00,AlbumenJ
7135,Revise,2021-01-26 11:51:15+00:00,AlbumenJ
7135,MergePR,2021-01-27 15:52:56+00:00,AlbumenJ
7135,DeleteBranch,2021-01-27 15:53:35+00:00,AlbumenJ
7136,CreateBranch,2021-01-26 09:04:08+00:00,AlbumenJ
7136,OpenPR,2021-01-26 09:04:28+00:00,AlbumenJ
7136,PRReviewApprove,2021-01-26 10:02:58+00:00,kylixs
7136,Revise,2021-01-26 11:51:15+00:00,AlbumenJ
7136,MergePR,2021-01-26 13:04:26+00:00,AlbumenJ
7139,ForkRepository,2021-01-12 13:36:52+00:00,CalvinKirs
7139,CreateBranch,2021-01-27 02:23:32+00:00,CalvinKirs
7139,OpenPR,2021-01-27 02:23:57+00:00,CalvinKirs
7139,PRReviewApprove,2021-01-27 05:37:56+00:00,AlbumenJ
7139,MergePR,2021-01-27 14:39:35+00:00,AlbumenJ
7144,CreateBranch,2021-01-27 13:43:28+00:00,kevinw66
7144,SubmitCommit,2021-01-27 13:45:11+00:00,kevinw66
7144,OpenPR,2021-01-27 13:46:42+00:00,kevinw66
7144,PRReviewApprove,2021-01-27 14:02:23+00:00,AlbumenJ
7144,MergePR,2021-01-28 14:47:35+00:00,AlbumenJ
7144,DeleteBranch,2021-01-28 14:58:04+00:00,kevinw66
7145,CreateBranch,2021-01-28 06:38:34+00:00,kylixs
7145,OpenPR,2021-01-28 06:47:28+00:00,kylixs
7145,Revise,2021-01-28 10:41:38+00:00,kylixs
7145,Revise,2021-01-29 03:41:55+00:00,kylixs
7145,Revise,2021-01-29 08:07:15+00:00,kylixs
7145,Revise,2021-01-29 10:02:37+00:00,kylixs
7145,Revise,2021-01-29 11:50:52+00:00,kylixs
7145,Revise,2021-01-29 12:01:12+00:00,kylixs
7145,Revise,2021-01-29 13:39:37+00:00,kylixs
7145,Revise,2021-01-29 13:41:59+00:00,kylixs
7145,Revise,2021-01-29 14:43:51+00:00,kylixs
7145,MergePR,2021-02-07 02:38:54+00:00,chickenlj
7147,CreateBranch,2021-01-28 10:33:02+00:00,kylixs
7147,OpenPR,2021-01-28 10:36:40+00:00,kylixs
7147,Revise,2021-01-28 12:23:09+00:00,kylixs
7147,Revise,2021-01-28 13:23:54+00:00,kylixs
7147,PRReviewApprove,2021-01-28 14:05:45+00:00,AlbumenJ
7147,MergePR,2021-01-28 14:05:57+00:00,AlbumenJ
7148,CreateBranch,2021-01-28 14:07:58+00:00,AlbumenJ
7148,OpenPR,2021-01-28 14:09:16+00:00,AlbumenJ
7148,PRReviewApprove,2021-02-19 09:11:48+00:00,chickenlj
7148,MergePR,2021-02-19 09:11:55+00:00,chickenlj
7152,CreateBranch,2021-01-29 04:05:57+00:00,kylixs
7152,OpenPR,2021-01-29 04:07:33+00:00,kylixs
7152,PRReviewApprove,2021-01-29 06:24:35+00:00,AlbumenJ
7152,MergePR,2021-01-29 06:24:40+00:00,AlbumenJ
7153,CreateBranch,2021-01-29 07:06:12+00:00,kylixs
7153,OpenPR,2021-01-29 07:07:16+00:00,kylixs
7153,PRReviewApprove,2021-01-29 07:18:32+00:00,AlbumenJ
7153,MergePR,2021-01-29 07:18:38+00:00,AlbumenJ
7157,CreateBranch,2021-01-29 08:33:12+00:00,kevinw66
7157,OpenPR,2021-01-29 10:54:48+00:00,kevinw66
7157,PRReviewComment,2021-01-29 11:46:43+00:00,AlbumenJ
7157,PRReviewComment,2021-01-29 11:46:44+00:00,AlbumenJ
7157,Revise,2021-01-29 11:56:33+00:00,kevinw66
7157,Revise,2021-01-29 11:58:53+00:00,kevinw66
7157,Revise,2021-02-09 03:48:46+00:00,kevinw66
7157,Revise,2021-02-09 03:53:19+00:00,kevinw66
7157,Revise,2021-02-10 14:54:10+00:00,kevinw66
7157,Revise,2021-02-11 11:10:59+00:00,kevinw66
7157,Revise,2021-02-12 16:22:50+00:00,kevinw66
7157,PRReviewApprove,2021-02-18 03:25:09+00:00,AlbumenJ
7157,MergePR,2021-02-22 05:26:14+00:00,chickenlj
7157,DeleteBranch,2021-07-12 02:36:27+00:00,kevinw66
7159,CreateBranch,2021-01-29 14:48:00+00:00,theonefx
7159,SubmitCommit,2021-01-29 14:51:28+00:00,theonefx
7159,OpenPR,2021-01-29 14:52:59+00:00,theonefx
7159,PRReviewComment,2021-01-29 15:30:15+00:00,AlbumenJ
7159,Revise,2021-02-01 02:44:25+00:00,theonefx
7159,PRReviewComment,2021-02-01 02:45:15+00:00,theonefx
7159,PRReviewComment,2021-02-01 02:45:16+00:00,theonefx
7159,Revise,2021-02-01 03:15:48+00:00,theonefx
7159,PRReviewApprove,2021-02-01 15:17:49+00:00,AlbumenJ
7159,PRReviewComment,2021-02-02 03:17:17+00:00,kylixs
7159,PRReviewComment,2021-02-02 03:55:35+00:00,kylixs
7159,PRReviewComment,2021-02-02 03:55:47+00:00,kylixs
7159,PRReviewComment,2021-02-02 06:32:32+00:00,theonefx
7159,PRReviewComment,2021-02-02 06:32:33+00:00,theonefx
7159,MergePR,2021-02-07 02:51:24+00:00,chickenlj
7073,CreateBranch,2021-01-04 08:06:31+00:00,dkisser
7073,OpenPR,2021-01-04 08:50:02+00:00,dkisser
7073,Revise,2021-01-07 07:35:18+00:00,dkisser
7073,Revise,2021-01-08 02:03:51+00:00,dkisser
7073,Revise,2021-01-08 08:05:41+00:00,dkisser
7073,ClosePR,2021-01-13 03:41:47+00:00,dkisser
7073,ReopenPR,2021-01-13 03:42:12+00:00,dkisser
7073,ClosePR,2021-02-22 05:11:53+00:00,chickenlj
7081,CreateBranch,2021-01-06 02:30:31+00:00,zhangyz-hd
7081,OpenPR,2021-01-06 04:06:54+00:00,zhangyz-hd
7081,ClosePR,2021-01-14 08:57:29+00:00,zhangyz-hd
7081,DeleteBranch,2021-01-29 00:01:48+00:00,zhangyz-hd
7101,ForkRepository,2021-01-14 09:46:11+00:00,Fuxy-pg
7101,SubmitCommit,2021-01-14 09:59:02+00:00,Fuxy-pg
7101,OpenPR,2021-01-14 10:07:27+00:00,Fuxy-pg
7101,ClosePR,2021-01-15 01:37:57+00:00,Fuxy-pg
7101,ReopenPR,2021-01-15 01:38:14+00:00,Fuxy-pg
7101,PRReviewReject,2021-02-23 17:00:45+00:00,chickenlj
7101,ClosePR,2021-02-26 10:38:11+00:00,chickenlj
7110,SubmitCommit,2021-01-18 08:39:04+00:00,xukefu
7110,OpenPR,2021-01-18 08:39:44+00:00,xukefu
7110,ClosePR,2021-01-18 08:40:09+00:00,xukefu
7120,CreateBranch,2021-01-18 08:46:15+00:00,zhangyz-hd
7120,OpenPR,2021-01-21 10:37:55+00:00,zhangyz-hd
7120,Revise,2021-01-28 15:13:47+00:00,zhangyz-hd
7120,Revise,2021-01-28 15:25:51+00:00,zhangyz-hd
7120,Revise,2021-01-28 15:38:15+00:00,zhangyz-hd
7120,Revise,2021-01-28 15:56:11+00:00,zhangyz-hd
7120,Revise,2021-01-28 17:13:14+00:00,zhangyz-hd
7120,Revise,2021-01-28 22:23:37+00:00,zhangyz-hd
7120,Revise,2021-01-28 23:57:54+00:00,zhangyz-hd
7120,ClosePR,2021-02-22 06:39:44+00:00,chickenlj
7149,ForkRepository,2021-01-28 10:39:12+00:00,huibinliupush
7149,CreateBranch,2021-01-28 12:50:09+00:00,huibinliupush
7149,SubmitCommit,2021-01-28 16:01:19+00:00,huibinliupush
7149,OpenPR,2021-01-28 16:04:18+00:00,huibinliupush
7149,ClosePR,2021-01-28 16:06:53+00:00,huibinliupush
7155,SubmitCommit,2021-01-29 03:57:05+00:00,theonefx
7155,SubmitCommit,2021-01-29 10:15:00+00:00,theonefx
7155,SubmitCommit,2021-01-29 10:16:42+00:00,theonefx
7155,SubmitCommit,2021-01-29 10:19:46+00:00,theonefx
7155,OpenPR,2021-01-29 10:21:38+00:00,theonefx
7155,ClosePR,2021-01-29 14:07:42+00:00,theonefx
7158,SubmitCommit,2021-01-29 03:57:05+00:00,theonefx
7158,SubmitCommit,2021-01-29 10:15:00+00:00,theonefx
7158,SubmitCommit,2021-01-29 10:16:42+00:00,theonefx
7158,SubmitCommit,2021-01-29 10:19:46+00:00,theonefx
7158,SubmitCommit,2021-01-29 14:43:51+00:00,theonefx
7158,OpenPR,2021-01-29 14:44:05+00:00,theonefx
7158,ClosePR,2021-01-29 14:45:57+00:00,theonefx
7104,SubmitCommit,2021-01-07 09:36:02+00:00,chickenlj
7104,SubmitCommit,2021-01-15 09:41:09+00:00,chickenlj
7104,SubmitCommit,2021-01-15 15:43:22+00:00,chickenlj
7104,OpenPR,2021-01-15 15:47:59+00:00,chickenlj
7104,MergePR,2021-01-15 15:48:29+00:00,chickenlj
7104,DeleteBranch,2021-01-15 15:50:20+00:00,chickenlj
